{"stat.useItem.351":31,"stat.craftItem.69":4,"stat.useItem.355":2,"stat.craftItem.101":16,"stat.craftItem.102":16,"stat.useItem.359":239,"stat.craftItem.61":12,"stat.craftItem.65":9,"stat.craftItem.336":16,"stat.mineBlock.13":413,"stat.mineBlock.18":3763,"stat.mineBlock.17":652,"stat.swimOneCm":19494,"stat.climbOneCm":2018,"achievement.buildWorkBench":1,"stat.craftItem.70":1,"stat.mineBlock.148":2,"stat.mineBlock.145":1,"stat.craftItem.325":3,"achievement.exploreAllBiomes":{"value":0,"progress":["Ocean","Hell"]},"stat.mineBlock.12":232,"stat.craftItem.85":2,"stat.mineBlock.4":1769,"stat.mineBlock.5":18,"stat.mineBlock.3":29,"stat.mineBlock.1":1,"stat.craftItem.359":3,"stat.mineBlock.6":4,"stat.flyOneCm":200203,"stat.craftItem.351":12,"stat.useItem.101":23,"stat.craftItem.355":1,"stat.craftItem.96":2,"stat.craftItem.20":37,"stat.killEntity.Creeper":4,"stat.craftItem.35":3,"stat.craftItem.33":7,"achievement.mineWood":586,"stat.useItem.87":24,"achievement.openInventory":1261,"stat.craftItem.42":3,"stat.craftItem.45":2,"stat.mineBlock.161":90,"stat.mineBlock.162":16,"stat.craftItem.44":810,"stat.mineBlock.153":1,"stat.mineBlock.159":268,"stat.craftItem.58":2,"stat.drop":56,"stat.useItem.96":1,"stat.playOneMinute":998995,"stat.craftItem.50":68,"stat.mineBlock.172":86,"stat.craftItem.54":23,"stat.killEntity.Zombie":1,"stat.diveOneCm":13513,"stat.craftItem.307":1,"stat.craftItem.309":1,"stat.useItem.65":19,"stat.useItem.61":4,"achievement.buildHoe":2,"stat.mineBlock.87":472,"stat.useItem.69":3,"stat.craftItem.297":336,"stat.jump":2922,"stat.fallOneCm":31788,"stat.craftItem.290":1,"stat.craftItem.291":1,"stat.breakItem.359":1,"stat.craftItem.1":437,"achievement.makeBread":672,"stat.mineBlock.69":3,"stat.useItem.44":746,"stat.craftItem.5":574,"stat.damageTaken":10379,"stat.useItem.49":10,"stat.useItem.54":12,"stat.useItem.50":56,"stat.craftItem.263":620,"stat.useItem.154":3,"stat.walkOneCm":2719004,"stat.craftItem.265":105,"stat.craftItem.145":1,"stat.craftItem.266":9,"stat.useItem.159":234,"stat.blockChiseled":272,"stat.craftItem.259":1,"stat.useItem.162":5,"stat.mineBlock.44":1,"stat.craftItem.371":9,"stat.useItem.31":1,"stat.mineBlock.101":4,"stat.craftItem.126":18,"stat.mineBlock.50":3,"stat.mineBlock.54":1,"stat.useItem.172":11,"stat.killEntity.Skeleton":3,"stat.useItem.259":4,"stat.craftItem.280":392,"stat.craftItem.281":4,"stat.mobKills":15,"stat.craftItem.393":11,"stat.useItem.6":106,"stat.useItem.12":232,"stat.craftItem.154":4,"stat.useItem.145":1,"stat.useItem.148":2,"stat.useItem.4":148,"stat.useItem.5":19,"stat.useItem.3":78,"stat.useItem.17":27,"stat.craftItem.148":1,"stat.useItem.18":12,"stat.useItem.13":413,"stat.mineBlock.31":1}