{"stat.useItem.351":31,"stat.craftItem.69":2,"stat.useItem.355":2,"stat.craftItem.101":16,"stat.craftItem.102":16,"stat.useItem.359":180,"stat.craftItem.61":10,"stat.craftItem.65":9,"stat.craftItem.336":16,"stat.mineBlock.13":378,"stat.mineBlock.18":1279,"stat.mineBlock.17":438,"stat.swimOneCm":17967,"stat.climbOneCm":1630,"achievement.buildWorkBench":1,"stat.craftItem.70":1,"stat.mineBlock.148":2,"stat.mineBlock.145":1,"stat.craftItem.325":1,"achievement.exploreAllBiomes":{"value":0,"progress":["Ocean"]},"stat.mineBlock.12":229,"stat.craftItem.85":2,"stat.mineBlock.4":1729,"stat.mineBlock.5":18,"stat.mineBlock.3":11,"stat.craftItem.359":1,"stat.mineBlock.6":4,"stat.flyOneCm":53888,"stat.craftItem.351":12,"stat.craftItem.355":1,"stat.craftItem.96":2,"stat.craftItem.20":21,"stat.killEntity.Creeper":4,"stat.craftItem.35":3,"stat.craftItem.33":4,"achievement.mineWood":378,"achievement.openInventory":761,"stat.craftItem.42":3,"stat.craftItem.45":2,"stat.craftItem.44":258,"stat.mineBlock.159":248,"stat.craftItem.58":2,"stat.drop":49,"stat.useItem.96":1,"stat.playOneMinute":629117,"stat.craftItem.50":4,"stat.mineBlock.172":85,"stat.craftItem.54":12,"stat.killEntity.Zombie":1,"stat.diveOneCm":13513,"stat.useItem.65":14,"stat.useItem.61":4,"achievement.buildHoe":1,"stat.useItem.69":3,"stat.craftItem.297":130,"stat.jump":1589,"stat.fallOneCm":9174,"stat.craftItem.290":1,"stat.craftItem.1":310,"achievement.makeBread":260,"stat.mineBlock.69":3,"stat.useItem.44":240,"stat.craftItem.5":332,"stat.damageTaken":6870,"stat.useItem.54":6,"stat.useItem.50":1,"stat.craftItem.263":273,"stat.useItem.154":1,"stat.walkOneCm":1441973,"stat.craftItem.265":42,"stat.craftItem.145":1,"stat.useItem.159":208,"stat.craftItem.126":12,"stat.mineBlock.50":1,"stat.useItem.172":11,"stat.killEntity.Skeleton":2,"stat.craftItem.280":224,"stat.craftItem.281":4,"stat.mobKills":8,"stat.craftItem.393":11,"stat.useItem.6":67,"stat.useItem.12":229,"stat.craftItem.154":1,"stat.useItem.145":1,"stat.useItem.148":2,"stat.useItem.4":9,"stat.useItem.5":19,"stat.useItem.3":24,"stat.useItem.17":21,"stat.craftItem.148":1,"stat.useItem.18":2,"stat.useItem.13":378}