{"stat.useItem.351":31,"stat.craftItem.69":4,"stat.useItem.355":2,"stat.craftItem.101":16,"stat.craftItem.102":16,"stat.useItem.359":239,"stat.craftItem.61":12,"stat.craftItem.65":9,"stat.craftItem.336":16,"stat.mineBlock.13":412,"stat.mineBlock.18":3763,"stat.mineBlock.17":652,"stat.swimOneCm":19142,"stat.climbOneCm":2018,"achievement.buildWorkBench":1,"stat.craftItem.70":1,"stat.mineBlock.148":2,"stat.mineBlock.145":1,"stat.craftItem.325":3,"achievement.exploreAllBiomes":{"value":0,"progress":["Ocean"]},"stat.mineBlock.12":231,"stat.craftItem.85":2,"stat.mineBlock.4":1757,"stat.mineBlock.5":18,"stat.mineBlock.3":25,"stat.mineBlock.1":1,"stat.craftItem.359":3,"stat.mineBlock.6":4,"stat.flyOneCm":142754,"stat.craftItem.351":12,"stat.craftItem.355":1,"stat.craftItem.96":2,"stat.craftItem.20":37,"stat.killEntity.Creeper":4,"stat.craftItem.35":3,"stat.craftItem.33":7,"achievement.mineWood":586,"achievement.openInventory":1136,"stat.craftItem.42":3,"stat.craftItem.45":2,"stat.mineBlock.161":90,"stat.mineBlock.162":16,"stat.craftItem.44":744,"stat.mineBlock.159":265,"stat.craftItem.58":2,"stat.drop":51,"stat.useItem.96":1,"stat.playOneMinute":904085,"stat.craftItem.50":12,"stat.mineBlock.172":86,"stat.craftItem.54":23,"stat.killEntity.Zombie":1,"stat.diveOneCm":13513,"stat.useItem.65":19,"stat.useItem.61":4,"achievement.buildHoe":2,"stat.useItem.69":3,"stat.craftItem.297":336,"stat.jump":2540,"stat.fallOneCm":26019,"stat.craftItem.290":1,"stat.craftItem.291":1,"stat.breakItem.359":1,"stat.craftItem.1":437,"achievement.makeBread":672,"stat.mineBlock.69":3,"stat.useItem.44":726,"stat.craftItem.5":554,"stat.damageTaken":8880,"stat.useItem.54":11,"stat.useItem.50":11,"stat.craftItem.263":602,"stat.useItem.154":3,"stat.walkOneCm":2316075,"stat.craftItem.265":96,"stat.craftItem.145":1,"stat.craftItem.266":9,"stat.useItem.159":229,"stat.blockChiseled":238,"stat.useItem.162":5,"stat.craftItem.371":9,"stat.useItem.31":1,"stat.craftItem.126":18,"stat.mineBlock.50":1,"stat.mineBlock.54":1,"stat.useItem.172":11,"stat.killEntity.Skeleton":2,"stat.craftItem.280":352,"stat.craftItem.281":4,"stat.mobKills":8,"stat.craftItem.393":11,"stat.useItem.6":97,"stat.useItem.12":231,"stat.craftItem.154":4,"stat.useItem.145":1,"stat.useItem.148":2,"stat.useItem.4":9,"stat.useItem.5":19,"stat.useItem.3":77,"stat.useItem.17":27,"stat.craftItem.148":1,"stat.useItem.18":12,"stat.useItem.13":412,"stat.mineBlock.31":1}